cdr3,v_segm,j_segm,species,mhc_a,mhc_b,mhc_class,antigen_epitope,antigen_gene,antigen_species,score
CASSIRSSYEQYF,TRBV19,TRBJ2-7,HomoSapiens,HLA-A*02:01,B2M,I,GILGFVFTL,M1,InfluenzaA,3
CASSLGQAYEQYF,TRBV20-1,TRBJ2-7,HomoSapiens,HLA-A*02:01,B2M,I,GILGFVFTL,M1,InfluenzaA,2
CASSIRSSYEQYF,TRBV19,TRBJ2-7,HomoSapiens,HLA-A*02:01,B2M,I,NLVPMVATV,pp65,CMV,3
CAVRPTSGTYKYIF,TRAV27,TRAJ40,HomoSapiens,HLA-A*02:01,B2M,I,GILGFVFTL,M1,InfluenzaA,3
CAVRDNQGGKLIF,TRAV12-2,TRAJ23,HomoSapiens,HLA-A*02:01,B2M,I,NLVPMVATV,pp65,CMV,3
CASSLGQAYEQYF,TRBV20-1,TRBJ2-7,HomoSapiens,HLA-B*35:01,B2M,I,KLGGALQAK,BRLF1,EBV,2
CASSQETQYF,TRBV20-1,TRBJ2-5,HomoSapiens,HLA-A*02:01,B2M,I,ELAGIGILTV,MART1,HomoSapiens,3
CASSQDREQFF,TRBV5-1,TRBJ2-4,HomoSapiens,HLA-A*02:01,B2M,I,ELAGIGILTV,MART1,HomoSapiens,2
CASSPWDTGELFF,TRBV28,TRBJ2-2,HomoSapiens,HLA-A*01:01,B2M,I,VTEHDTLLY,NP,InfluenzaA,3
CASSFSTCSANYGYTF,TRBV9,TRBJ1-2,HomoSapiens,HLA-A*24:02,B2M,I,AYAQKIFKI,NP,InfluenzaA,2
CASSFDWGSSYNEQFF,TRBV6-5,TRBJ2-4,MusMusculus,H-2Db,B2M,I,ASNENMETM,NP,InfluenzaA,3
CASGDSSYEQYF,TRBV13-2,TRBJ2-7,MusMusculus,H-2Kb,B2M,I,SIINFEKL,OVA,HomoSapiens,3
CASSLANYGYTF,TRBV13,TRBJ1-2,MusMusculus,H-2Db,B2M,I,ASNENMETM,NP,InfluenzaA,2
CASSQDRDTQYF,TRBV5,TRBJ2-5,HomoSapiens,HLA-A*03:01,B2M,I,KLGGALQAK,BRLF1,EBV,3
CAVLDSNYQLIW,TRAV41,TRAJ33,HomoSapiens,HLA-A*02:01,B2M,I,NLVPMVATV,pp65,CMV,2
